Date,Unnamed: 0,Unnamed: 0.1,Day,Month,Year,dict_sentiment,sentiment_polarity,sentiment,vadar_polarity,vadar_index
01/01/2018,1393.0,1393.0,1.0,1.0,2018.0,0.0,-0.125,-1.0,0.1531,0.0
01/02/2018,1011.4,1011.4,1.0,2.0,2018.0,2.2,0.07493283700899475,0.5,0.54173,0.1
01/03/2018,1150.0,1150.0,1.0,3.0,2018.0,0.15384615384615385,-0.025290687333656622,-0.38461538461538464,-0.10490000000000001,-0.3076923076923077
01/04/2018,1195.5,1195.5,1.0,4.0,2018.0,0.5,0.020904095904095907,0.0,0.71535,0.0
01/05/2018,1313.1538461538462,1313.1538461538462,1.0,5.0,2018.0,0.8461538461538461,0.029694970628379176,0.15384615384615385,0.4338461538461539,0.07692307692307693
01/06/2018,1153.9166666666667,1153.9166666666667,1.0,6.0,2018.0,1.1666666666666667,0.06889430318966444,0.16666666666666666,0.24801666666666666,0.25
01/07/2018,530.0,530.0,1.0,7.0,2018.0,0.0,-0.09629345327874739,-1.0,-0.83465,-0.5
01/08/2018,784.25,784.25,1.0,8.0,2018.0,1.75,0.09976262731745189,0.5,0.8108499999999998,0.0
01/09/2018,1853.5,1853.5,1.0,9.0,2018.0,0.0,0.03870792939454911,0.0,-0.04700000000000004,-0.5
01/10/2018,1060.3636363636363,1060.3636363636363,1.0,10.0,2018.0,0.45454545454545453,0.04105417440945903,0.0,0.16927272727272727,-0.09090909090909091
01/11/2018,1561.6666666666667,1561.6666666666667,1.0,11.0,2018.0,1.6666666666666667,0.08605218524861381,0.6666666666666666,0.9358333333333334,0.6666666666666666
02/01/2018,1360.6666666666667,1360.6666666666667,2.0,1.0,2018.0,-0.6666666666666666,0.04461856477464363,-0.3333333333333333,0.058499999999999996,-0.3333333333333333
02/02/2018,997.8,997.8,2.0,2.0,2018.0,0.0,0.01722814738543639,0.2,0.4601600000000001,0.0
02/03/2018,1294.9166666666667,1294.9166666666667,2.0,3.0,2018.0,1.4166666666666667,0.08792605921643666,0.5,0.4041333333333333,0.16666666666666666
02/04/2018,1870.0,1870.0,2.0,4.0,2018.0,-1.5,0.06856383389250886,0.0,-0.9866,-1.0
02/05/2018,1202.6666666666667,1202.6666666666667,2.0,5.0,2018.0,1.2222222222222223,0.036025618847485195,0.1111111111111111,0.6873333333333334,0.4444444444444444
02/07/2018,1286.5714285714287,1286.5714285714287,2.0,7.0,2018.0,-0.5714285714285714,0.07824052423515848,0.2857142857142857,-0.1808714285714286,-0.14285714285714285
02/08/2018,592.7,592.7,2.0,8.0,2018.0,1.0,0.0730180745700415,0.5,0.63498,0.4
02/09/2018,1131.0,1131.0,2.0,9.0,2018.0,0.0,0.07033199643493762,0.5,0.7388000000000001,0.5
02/10/2018,1388.5,1388.5,2.0,10.0,2018.0,0.0,0.024270833333333332,0.0,-0.9479,-1.0
02/11/2018,1023.875,1023.875,2.0,11.0,2018.0,-0.75,0.011986468698713499,-0.125,0.3204125,0.25
03/01/2018,904.2857142857143,904.2857142857143,3.0,1.0,2018.0,1.7142857142857142,0.05108803119106527,0.14285714285714285,0.8271714285714286,0.5714285714285714
03/02/2018,1192.0,1192.0,3.0,2.0,2018.0,0.0,-0.17752525252525253,-1.0,-0.9657,-1.0
03/03/2018,1588.0,1588.0,3.0,3.0,2018.0,0.0,0.0,0.0,0.2263,0.0
03/04/2018,1060.888888888889,1060.888888888889,3.0,4.0,2018.0,0.1111111111111111,0.04731012600887882,0.2222222222222222,0.4044777777777779,0.2222222222222222
03/05/2018,719.25,719.25,3.0,5.0,2018.0,-1.75,-0.08188952524356252,-0.5,0.36927499999999996,0.25
03/06/2018,236.0,236.0,3.0,6.0,2018.0,-2.0,0.04302721088435375,0.0,0.977,1.0
03/07/2018,741.0,741.0,3.0,7.0,2018.0,1.0,0.06618577311537745,0.3333333333333333,0.8471000000000001,0.3333333333333333
03/08/2018,1031.3333333333333,1031.3333333333333,3.0,8.0,2018.0,1.1666666666666667,0.08563340420149639,0.5,0.1266166666666667,0.16666666666666666
03/09/2018,875.2857142857143,875.2857142857143,3.0,9.0,2018.0,-1.7142857142857142,0.052932087309322626,0.0,0.3843142857142857,0.0
03/10/2018,825.8333333333334,825.8333333333334,3.0,10.0,2018.0,0.6666666666666666,0.021915277527256694,0.0,0.17613333333333334,0.0
03/11/2018,651.0,651.0,3.0,11.0,2018.0,0.0,-0.007116281866281868,-0.5,0.13829999999999998,0.0
04/01/2018,886.75,886.75,4.0,1.0,2018.0,0.75,0.19511537074037075,0.625,0.39837500000000003,-0.125
04/02/2018,1191.0,1191.0,4.0,2.0,2018.0,2.5,-0.02499631840132483,-0.5,-0.91795,-1.0
04/03/2018,1253.3333333333333,1253.3333333333333,4.0,3.0,2018.0,3.6666666666666665,0.0895923353909465,0.6666666666666666,0.2812666666666667,0.0
04/04/2018,1123.875,1123.875,4.0,4.0,2018.0,0.125,0.034348345420543706,-0.125,-0.16438750000000002,-0.25
04/05/2018,844.5,844.5,4.0,5.0,2018.0,-0.5,0.033575045048626156,0.0,0.7154166666666667,0.6666666666666666
04/06/2018,1173.0,1173.0,4.0,6.0,2018.0,2.0,0.08654782099018624,0.75,0.9429,0.5
04/07/2018,1249.6666666666667,1249.6666666666667,4.0,7.0,2018.0,1.3333333333333333,0.0759621769377867,0.6666666666666666,0.9451,0.6666666666666666
04/08/2018,211.0,211.0,4.0,8.0,2018.0,0.0,0.11857142857142858,1.0,0.8689,0.0
04/09/2018,727.1666666666666,727.1666666666666,4.0,9.0,2018.0,0.6666666666666666,0.02611315099672315,0.0,-0.28776666666666667,-0.5
04/10/2018,649.4285714285714,649.4285714285714,4.0,10.0,2018.0,1.2857142857142858,0.0725512507634795,0.2857142857142857,0.19179999999999997,0.0
04/11/2018,1277.5,1277.5,4.0,11.0,2018.0,0.0,0.0671672077922078,0.5,0.0041999999999999815,0.0
05/01/2018,1248.6,1248.6,5.0,1.0,2018.0,-0.8,0.05084389911615224,0.2,0.40834000000000004,0.2
05/02/2018,1241.0,1241.0,5.0,2.0,2018.0,0.6666666666666666,0.02710104564077132,0.16666666666666666,0.24233333333333332,-0.16666666666666666
05/03/2018,1105.125,1105.125,5.0,3.0,2018.0,0.0,0.005152705693460997,-0.25,0.009400000000000006,-0.125
05/04/2018,1263.75,1263.75,5.0,4.0,2018.0,1.5,0.023256129465712098,0.0,0.5293625,0.25
05/05/2018,1917.0,1917.0,5.0,5.0,2018.0,0.0,-0.030423280423280425,-1.0,-0.9756,-1.0
05/06/2018,1086.0,1086.0,5.0,6.0,2018.0,1.5714285714285714,0.08056032579883766,0.42857142857142855,0.18457142857142855,-0.14285714285714285
05/07/2018,702.0,702.0,5.0,7.0,2018.0,1.3333333333333333,0.06181513286957647,0.5,0.8297166666666667,0.5
05/09/2018,1088.5,1088.5,5.0,9.0,2018.0,0.0,0.021163884577533456,-0.125,-0.17816249999999997,-0.25
05/10/2018,1069.3333333333333,1069.3333333333333,5.0,10.0,2018.0,0.6666666666666666,0.05685980475753202,0.0,-0.19233333333333333,-0.3333333333333333
05/11/2018,1145.142857142857,1145.142857142857,5.0,11.0,2018.0,-2.857142857142857,0.04069800520619984,0.14285714285714285,0.4236285714285714,0.14285714285714285
06/01/2018,1311.0,1311.0,6.0,1.0,2018.0,-2.0,-0.07857142857142856,-1.0,-0.9545,-1.0
06/02/2018,1004.5,1004.5,6.0,2.0,2018.0,1.8333333333333333,0.07139256553063748,0.5,0.8866833333333334,0.5
06/03/2018,1144.5454545454545,1144.5454545454545,6.0,3.0,2018.0,1.4545454545454546,0.03919083556958041,0.09090909090909091,0.31348181818181814,0.0
06/04/2018,1297.2,1297.2,6.0,4.0,2018.0,1.2,0.08556195006665225,0.6,0.4499600000000001,0.2
06/05/2018,368.0,368.0,6.0,5.0,2018.0,0.0,0.0,0.0,0.2732,0.0
06/06/2018,1228.0,1228.0,6.0,6.0,2018.0,1.3333333333333333,-0.00419350117734009,0.0,0.4748833333333333,0.0
06/07/2018,1075.75,1075.75,6.0,7.0,2018.0,-2.625,-0.0014731632087003708,0.0,0.295925,-0.125
06/08/2018,764.5,764.5,6.0,8.0,2018.0,-1.0,0.04448670406677909,0.0,-0.48057500000000003,-0.5
06/09/2018,1254.25,1254.25,6.0,9.0,2018.0,0.0,0.04462974833198967,0.125,-0.20176249999999996,-0.375
06/10/2018,1766.0,1766.0,6.0,10.0,2018.0,-1.0,-0.010016835016835004,0.0,0.5965,0.0
06/11/2018,801.0,801.0,6.0,11.0,2018.0,-0.3333333333333333,0.10913107568127706,0.5,0.5287833333333333,0.16666666666666666
07/01/2018,1450.0,1450.0,7.0,1.0,2018.0,0.0,-0.013392857142857135,0.0,-0.7263,-1.0
07/02/2018,878.5454545454545,878.5454545454545,7.0,2.0,2018.0,0.9090909090909091,0.058384067677077885,0.09090909090909091,0.569609090909091,0.0
07/03/2018,1150.2,1150.2,7.0,3.0,2018.0,-0.3,0.020668569710142352,-0.1,0.16094,0.0
07/04/2018,2014.0,2014.0,7.0,4.0,2018.0,-2.0,-0.021726190476190482,-1.0,0.3609,0.0
07/05/2018,1267.3333333333333,1267.3333333333333,7.0,5.0,2018.0,0.0,-0.20984848484848484,-0.3333333333333333,0.35700000000000004,0.3333333333333333
07/06/2018,1086.0,1086.0,7.0,6.0,2018.0,-2.0,0.04681821742713216,0.2,0.09376000000000001,0.0
07/07/2018,123.0,123.0,7.0,7.0,2018.0,-1.0,0.03182539682539682,0.0,-0.22875,-0.5
07/08/2018,1212.25,1212.25,7.0,8.0,2018.0,0.0,0.045618894993895,0.25,0.42247500000000004,-0.25
07/09/2018,999.5,999.5,7.0,9.0,2018.0,0.3,0.015428306154606802,-0.3,-0.09409999999999999,-0.1
07/10/2018,927.5,927.5,7.0,10.0,2018.0,1.0,-0.08791871620443048,0.5,0.681125,0.0
07/11/2018,1475.0,1475.0,7.0,11.0,2018.0,-0.2,0.022957741144394923,0.0,0.30024,0.0
08/01/2018,986.0,986.0,8.0,1.0,2018.0,2.0,-0.014924296379409856,0.0,0.10079999999999999,0.0
08/02/2018,1220.8461538461538,1220.8461538461538,8.0,2.0,2018.0,0.23076923076923078,0.05420799813681187,0.23076923076923078,0.5434538461538462,0.23076923076923078
08/03/2018,1259.125,1259.125,8.0,3.0,2018.0,1.125,0.05882858531069117,0.375,0.16083750000000002,-0.125
08/04/2018,1056.6666666666667,1056.6666666666667,8.0,4.0,2018.0,0.0,0.3346230158730159,0.6666666666666666,0.017633333333333317,0.0
08/05/2018,1077.7142857142858,1077.7142857142858,8.0,5.0,2018.0,-2.142857142857143,0.03844733459516712,0.07142857142857142,0.15108571428571427,-0.21428571428571427
08/06/2018,1445.3333333333333,1445.3333333333333,8.0,6.0,2018.0,-0.6666666666666666,0.04318380188538639,0.3333333333333333,0.4495,0.0
08/07/2018,657.0,657.0,8.0,7.0,2018.0,0.5,0.07550826112920268,0.5,0.44465,0.5
08/08/2018,1346.4166666666667,1346.4166666666667,8.0,8.0,2018.0,-1.0833333333333333,0.026531688995207182,-0.08333333333333333,0.17661666666666667,-0.08333333333333333
08/09/2018,763.25,763.25,8.0,9.0,2018.0,0.75,-0.03176709054834054,-0.25,-0.0763,0.0
08/10/2018,770.6666666666666,770.6666666666666,8.0,10.0,2018.0,0.8333333333333334,-0.017614786455714203,-0.5,-0.005416666666666625,-0.3333333333333333
08/11/2018,1032.0,1032.0,8.0,11.0,2018.0,-3.0,0.12254901960784315,1.0,0.3301,0.0
09/01/2018,717.8,717.8,9.0,1.0,2018.0,-0.8,0.08249151826708645,0.6,0.06308,0.0
09/02/2018,1057.875,1057.875,9.0,2.0,2018.0,-0.75,0.09924895597358636,-0.125,0.1204625,-0.25
09/03/2018,1027.6,1027.6,9.0,3.0,2018.0,0.1,0.14260844454676694,0.7,0.5869,0.2
09/04/2018,1111.3333333333333,1111.3333333333333,9.0,4.0,2018.0,0.5555555555555556,0.014190026270554625,0.0,-0.14339999999999997,-0.1111111111111111
09/05/2018,890.6111111111111,890.6111111111111,9.0,5.0,2018.0,-1.1666666666666667,0.036055218947896775,0.05555555555555555,0.6602388888888888,0.3888888888888889
09/06/2018,989.5,989.5,9.0,6.0,2018.0,1.25,-0.05698111538072608,-0.25,0.155925,0.0
09/07/2018,1100.5,1100.5,9.0,7.0,2018.0,1.0,0.1207745494358346,0.8333333333333334,0.49893333333333345,0.3333333333333333
09/08/2018,784.375,784.375,9.0,8.0,2018.0,-0.5,0.02813311912445838,-0.125,0.4397625,0.125
09/10/2018,696.1428571428571,696.1428571428571,9.0,10.0,2018.0,0.5714285714285714,0.07218901339631154,0.2857142857142857,0.2563142857142857,0.14285714285714285
10/01/2018,1323.6363636363637,1323.6363636363637,10.0,1.0,2018.0,0.6363636363636364,0.059800682571876256,0.2727272727272727,0.31353636363636367,-0.09090909090909091
10/02/2018,116.0,116.0,10.0,2.0,2018.0,-1.0,-0.06136788048552755,-1.0,-0.9423,-1.0
10/04/2018,796.5294117647059,796.5294117647059,10.0,4.0,2018.0,0.9411764705882353,-0.026633393530921666,-0.11764705882352941,0.19237647058823532,0.0
10/05/2018,816.25,816.25,10.0,5.0,2018.0,-0.08333333333333333,0.048295527248263685,0.16666666666666666,0.545725,0.3333333333333333
10/06/2018,826.5,826.5,10.0,6.0,2018.0,0.5,-0.04177922077922078,-0.5,0.8041,0.5
10/07/2018,930.1666666666666,930.1666666666666,10.0,7.0,2018.0,2.1666666666666665,0.014880924990647216,-0.16666666666666666,0.37555000000000005,0.16666666666666666
10/08/2018,1469.0,1469.0,10.0,8.0,2018.0,-0.75,0.04293812539086931,0.0,0.011424999999999963,-0.5
10/09/2018,947.7142857142857,947.7142857142857,10.0,9.0,2018.0,-0.8571428571428571,0.055390850165108925,0.14285714285714285,0.4059571428571429,0.0
10/10/2018,1384.7,1384.7,10.0,10.0,2018.0,0.1,0.04162801145055951,0.1,0.46328,0.1
11/01/2018,1148.909090909091,1148.909090909091,11.0,1.0,2018.0,1.3636363636363635,0.03264649403331106,0.09090909090909091,0.6870636363636363,0.2727272727272727
11/03/2018,969.5,969.5,11.0,3.0,2018.0,1.0,0.0052075435511396125,0.0,0.9474,0.5
11/04/2018,1184.375,1184.375,11.0,4.0,2018.0,0.375,0.022633727247983508,0.0625,0.129025,-0.125
11/05/2018,1284.75,1284.75,11.0,5.0,2018.0,0.875,0.009908824887403522,-0.25,0.193525,-0.375
11/06/2018,989.875,989.875,11.0,6.0,2018.0,0.0,0.02421909642408441,-0.125,0.12811250000000002,-0.125
11/07/2018,766.25,766.25,11.0,7.0,2018.0,1.75,0.04639647732331443,0.08333333333333333,0.10271666666666672,-0.25
11/08/2018,1203.0,1203.0,11.0,8.0,2018.0,0.5,0.11400518034408122,0.5,0.85145,0.0
11/09/2018,1576.5,1576.5,11.0,9.0,2018.0,-1.5,9.939075978958149e-05,-0.5,-0.42755,-0.5
11/10/2018,1127.5714285714287,1127.5714285714287,11.0,10.0,2018.0,-1.2857142857142858,0.06013312485860721,-0.14285714285714285,0.16367142857142852,-0.14285714285714285
11/12/2017,990.8333333333334,990.8333333333334,11.0,12.0,2017.0,2.0,0.06994572152222713,0.0,0.5607833333333333,0.0
12/01/2018,769.6666666666666,769.6666666666666,12.0,1.0,2018.0,0.3333333333333333,0.0006238583848491189,-0.3333333333333333,0.4513666666666667,0.1111111111111111
12/02/2018,980.0,980.0,12.0,2.0,2018.0,5.0,0.06302718543459285,0.0,0.9501,1.0
12/03/2018,715.3333333333334,715.3333333333334,12.0,3.0,2018.0,2.25,0.06574883159507788,0.25,0.7206333333333332,0.3333333333333333
12/04/2018,935.4545454545455,935.4545454545455,12.0,4.0,2018.0,1.6363636363636365,0.10775111312270819,0.2727272727272727,0.20375454545454544,0.0
12/05/2018,643.0,643.0,12.0,5.0,2018.0,-2.0,-0.016046099290780144,0.0,-0.9940000000000001,-1.0
12/06/2018,1130.6666666666667,1130.6666666666667,12.0,6.0,2018.0,1.3333333333333333,-0.06384302644956054,-0.6666666666666666,0.2640666666666666,-0.3333333333333333
12/07/2018,1159.0,1159.0,12.0,7.0,2018.0,-0.1,0.06104512984723507,0.2,-0.23678,-0.5
12/08/2018,986.5,986.5,12.0,8.0,2018.0,-1.75,-0.14025733244297073,-0.5,-0.40625,-0.5
12/09/2018,885.6,885.6,12.0,9.0,2018.0,0.4,-0.05025377476059294,-0.6,0.06425999999999998,-0.2
12/10/2018,1617.0,1617.0,12.0,10.0,2018.0,1.3333333333333333,0.024353561690925823,0.16666666666666666,-0.05523333333333332,-0.3333333333333333
12/12/2017,1008.5,1008.5,12.0,12.0,2017.0,3.8333333333333335,0.033513641104187065,0.16666666666666666,0.5931833333333333,0.5
13/01/2018,1764.0,1764.0,13.0,1.0,2018.0,0.0,0.125,1.0,0.6597,0.0
13/02/2018,537.7777777777778,537.7777777777778,13.0,2.0,2018.0,-0.3333333333333333,0.08400362022748929,0.3333333333333333,0.3982888888888889,0.0
13/03/2018,894.9230769230769,894.9230769230769,13.0,3.0,2018.0,0.23076923076923078,0.03865890641510449,-0.15384615384615385,0.0012384615384615472,-0.15384615384615385
13/04/2018,1260.0,1260.0,13.0,4.0,2018.0,0.75,0.01961614092138262,-0.125,0.32783749999999995,0.0
13/05/2018,1323.0,1323.0,13.0,5.0,2018.0,0.0,0.05789431582909845,0.0,0.1646,0.0
13/06/2018,1185.142857142857,1185.142857142857,13.0,6.0,2018.0,0.14285714285714285,0.009843249600039813,-0.14285714285714285,-0.4384571428571428,-0.2857142857142857
13/07/2018,980.8333333333334,980.8333333333334,13.0,7.0,2018.0,1.3333333333333333,0.043919478387434346,0.16666666666666666,0.2499,-0.16666666666666666
13/08/2018,1020.9,1020.9,13.0,8.0,2018.0,0.4,0.05048895568329361,0.2,0.15343,-0.1
13/09/2018,933.6666666666666,933.6666666666666,13.0,9.0,2018.0,0.6666666666666666,0.047513893639263054,0.2222222222222222,0.4992666666666667,0.0
13/10/2018,1784.0,1784.0,13.0,10.0,2018.0,0.0,0.04074074074074074,0.0,0.7096,0.0
13/12/2017,533.8571428571429,533.8571428571429,13.0,12.0,2017.0,0.14285714285714285,-0.008325813897705554,-0.2857142857142857,0.04441428571428569,-0.2857142857142857
14/01/2018,1262.5,1262.5,14.0,1.0,2018.0,2.5,0.017869102004146646,0.0,0.35235000000000005,0.25
14/02/2018,986.1538461538462,986.1538461538462,14.0,2.0,2018.0,1.0769230769230769,0.05488834187652663,0.3076923076923077,0.35423846153846156,0.3076923076923077
14/03/2018,1110.5714285714287,1110.5714285714287,14.0,3.0,2018.0,1.7142857142857142,0.08024537125020186,0.2857142857142857,0.004857142857142859,-0.2857142857142857
14/04/2018,633.5,633.5,14.0,4.0,2018.0,0.0,0.027476792245111212,-0.16666666666666666,-0.28940000000000005,-0.5
14/05/2018,1282.25,1282.25,14.0,5.0,2018.0,0.0,0.024235826715757913,-0.125,-0.26825,-0.625
14/06/2018,1140.111111111111,1140.111111111111,14.0,6.0,2018.0,-0.1111111111111111,0.014345909459872812,-0.1111111111111111,0.5972000000000001,0.1111111111111111
14/08/2018,1056.3333333333333,1056.3333333333333,14.0,8.0,2018.0,0.3333333333333333,0.09378784868083562,0.6666666666666666,0.4132666666666667,0.3333333333333333
14/09/2018,963.3333333333334,963.3333333333334,14.0,9.0,2018.0,1.8333333333333333,0.020527390972523606,-0.16666666666666666,0.36050000000000004,0.3333333333333333
14/10/2018,346.0,346.0,14.0,10.0,2018.0,3.0,0.1464596861471861,1.0,0.9875,1.0
14/12/2017,1098.7,1098.7,14.0,12.0,2017.0,0.6,0.06159038872659511,0.1,0.13759000000000007,-0.2
15/01/2018,1268.0,1268.0,15.0,1.0,2018.0,0.0,-0.01129873505059067,-0.4,-0.57904,-0.6
15/02/2018,928.0,928.0,15.0,2.0,2018.0,2.4,0.0846748141272186,0.4,0.96886,0.8
15/03/2018,1351.4285714285713,1351.4285714285713,15.0,3.0,2018.0,0.14285714285714285,-0.0011956500693779736,0.0,0.11636428571428577,-0.07142857142857142
15/04/2018,631.0,631.0,15.0,4.0,2018.0,0.0,0.2333333333333333,1.0,0.7579,0.0
15/05/2018,1160.5555555555557,1160.5555555555557,15.0,5.0,2018.0,-0.5555555555555556,0.05149051568219862,-0.1111111111111111,0.08017777777777776,0.0
15/06/2018,1251.4285714285713,1251.4285714285713,15.0,6.0,2018.0,1.4285714285714286,0.036130147008298266,0.14285714285714285,-0.10521428571428573,-0.2857142857142857
15/07/2018,1354.5,1354.5,15.0,7.0,2018.0,3.0,0.03535304972804974,0.25,0.251575,0.25
15/08/2018,673.1111111111111,673.1111111111111,15.0,8.0,2018.0,0.5555555555555556,-0.0398742172945675,-0.3333333333333333,-0.24739999999999998,-0.4444444444444444
15/09/2018,638.5,638.5,15.0,9.0,2018.0,-0.5,-0.17578624078624078,-0.5,-0.80365,-0.5
15/10/2018,858.7857142857143,858.7857142857143,15.0,10.0,2018.0,-0.7142857142857143,0.02320544249509125,0.07142857142857142,0.2563071428571429,-0.07142857142857142
15/12/2017,1101.2222222222222,1101.2222222222222,15.0,12.0,2017.0,-0.3333333333333333,-0.032770820448636356,0.1111111111111111,0.4175222222222222,0.0
16/01/2018,866.75,866.75,16.0,1.0,2018.0,1.125,0.0997468929893884,0.125,0.08685000000000001,-0.125
16/02/2018,793.1428571428571,793.1428571428571,16.0,2.0,2018.0,0.5714285714285714,0.02493647292034387,0.42857142857142855,0.9102142857142856,0.7142857142857143
16/03/2018,1016.25,1016.25,16.0,3.0,2018.0,-0.5,-0.017389633761786972,-0.25,0.12875833333333334,-0.3333333333333333
16/04/2018,622.7142857142857,622.7142857142857,16.0,4.0,2018.0,0.14285714285714285,0.038161549914002134,0.2857142857142857,0.3039,0.2857142857142857
16/05/2018,969.4545454545455,969.4545454545455,16.0,5.0,2018.0,0.09090909090909091,0.04482303781822794,0.18181818181818182,0.05278181818181818,-0.09090909090909091
16/06/2018,598.0,598.0,16.0,6.0,2018.0,0.0,0.019998556998557,-0.5,-0.435,-0.5
16/07/2018,1023.8333333333334,1023.8333333333334,16.0,7.0,2018.0,0.5,0.02188320007033274,-0.16666666666666666,0.28836666666666666,0.0
16/08/2018,731.5,731.5,16.0,8.0,2018.0,-0.75,-0.0015128653953855684,-0.5,-0.06397499999999995,-0.25
16/09/2018,1522.0,1522.0,16.0,9.0,2018.0,0.0,0.08529801648445713,1.0,-0.9713,-1.0
16/10/2018,807.0,807.0,16.0,10.0,2018.0,1.0,0.0938109129676294,0.4,0.29992,0.2
16/12/2017,1628.0,1628.0,16.0,12.0,2017.0,-1.0,-0.04198717948717949,-1.0,-0.8945,-1.0
17/01/2018,1116.2,1116.2,17.0,1.0,2018.0,-0.2,0.03199579768494411,-0.1,0.60243,0.2
17/02/2018,407.0,407.0,17.0,2.0,2018.0,0.0,-0.04236111111111112,-1.0,-0.2079,0.0
17/03/2018,705.0,705.0,17.0,3.0,2018.0,0.0,0.04954212454212454,0.0,-0.9432,-1.0
17/04/2018,695.3333333333334,695.3333333333334,17.0,4.0,2018.0,1.1666666666666667,0.0474415603686437,0.16666666666666666,0.8851333333333334,0.5
17/05/2018,1014.1111111111111,1014.1111111111111,17.0,5.0,2018.0,0.6666666666666666,0.05993602517196699,0.4444444444444444,0.7206555555555556,0.5555555555555556
17/06/2018,1846.0,1846.0,17.0,6.0,2018.0,1.0,0.09463998159650333,1.0,0.9995,1.0
17/07/2018,901.8,901.8,17.0,7.0,2018.0,2.6,0.05853721884876657,0.4,0.58961,0.4
17/08/2018,868.75,868.75,17.0,8.0,2018.0,2.0,0.017219965725977886,-0.25,0.44620000000000004,0.0
17/09/2018,1085.3333333333333,1085.3333333333333,17.0,9.0,2018.0,0.5,0.08901677389881586,0.3333333333333333,0.03438333333333334,-0.16666666666666666
17/10/2018,1139.6666666666667,1139.6666666666667,17.0,10.0,2018.0,1.3333333333333333,0.09763199251622211,0.5,0.6735000000000001,0.3333333333333333
18/01/2018,808.8333333333334,808.8333333333334,18.0,1.0,2018.0,1.0,0.03737357387323217,-0.08333333333333333,0.2617333333333334,0.08333333333333333
18/03/2018,1232.0,1232.0,18.0,3.0,2018.0,1.0,0.10066118939158154,0.6666666666666666,0.9857333333333332,1.0
18/04/2018,1190.25,1190.25,18.0,4.0,2018.0,-1.75,0.062324596788905576,0.25,0.4477125,0.25
18/05/2018,704.4444444444445,704.4444444444445,18.0,5.0,2018.0,0.3333333333333333,0.06910714349995041,0.2222222222222222,0.7081000000000001,0.2222222222222222
18/06/2018,1102.090909090909,1102.090909090909,18.0,6.0,2018.0,1.7272727272727273,0.02259045831732255,0.0,0.03962727272727273,-0.36363636363636365
18/07/2018,894.2,894.2,18.0,7.0,2018.0,0.0,0.04404092291634541,0.2,0.53832,0.2
18/09/2018,969.6428571428571,969.6428571428571,18.0,9.0,2018.0,0.7857142857142857,0.04323179812670873,0.07142857142857142,0.3039928571428571,-0.07142857142857142
18/10/2018,972.0,972.0,18.0,10.0,2018.0,-0.7272727272727273,0.008508876122735765,-0.09090909090909091,-0.17069090909090903,-0.45454545454545453
18/12/2017,762.5,762.5,18.0,12.0,2017.0,0.6666666666666666,0.10161143719825572,0.6666666666666666,0.5271499999999999,0.16666666666666666
19/01/2018,836.8,836.8,19.0,1.0,2018.0,1.7,0.04090127191965842,0.0,0.5377500000000001,0.4
19/02/2018,1373.3333333333333,1373.3333333333333,19.0,2.0,2018.0,-1.3333333333333333,0.05374846218596219,0.3333333333333333,-0.14066666666666666,-0.3333333333333333
19/03/2018,1017.0909090909091,1017.0909090909091,19.0,3.0,2018.0,0.9090909090909091,0.03600011861652018,0.09090909090909091,0.40883636363636366,0.09090909090909091
19/04/2018,882.3333333333334,882.3333333333334,19.0,4.0,2018.0,0.3333333333333333,0.05507936507936508,0.3333333333333333,0.5346666666666667,0.3333333333333333
19/05/2018,939.0,939.0,19.0,5.0,2018.0,-4.0,0.000770674431388718,0.0,0.4933,0.5
19/06/2018,1021.875,1021.875,19.0,6.0,2018.0,-0.75,0.03593407947581384,0.0,-0.25797500000000007,-0.5
19/07/2018,916.5,916.5,19.0,7.0,2018.0,4.0,0.10191689623507805,1.0,0.9273500000000001,0.5
19/08/2018,1076.0,1076.0,19.0,8.0,2018.0,1.0,0.032690264716126786,0.0,0.4701,0.0
19/09/2018,998.875,998.875,19.0,9.0,2018.0,0.875,0.12171096421096422,0.625,0.8063,0.375
19/10/2018,460.0,460.0,19.0,10.0,2018.0,1.625,0.06420089976172623,0.5,0.6215375,0.375
19/12/2017,783.0,783.0,19.0,12.0,2017.0,0.0,0.035590515866053496,0.16666666666666666,0.38594999999999996,0.0
20/01/2018,1223.3333333333333,1223.3333333333333,20.0,1.0,2018.0,1.0,0.005625100208433545,-0.3333333333333333,-0.30696666666666667,-0.6666666666666666
20/02/2018,916.1111111111111,916.1111111111111,20.0,2.0,2018.0,0.7777777777777778,0.03551979147099102,0.1111111111111111,0.6942777777777778,0.2222222222222222
20/03/2018,1011.1666666666666,1011.1666666666666,20.0,3.0,2018.0,0.3333333333333333,0.011651566509780142,0.0,0.17050833333333335,-0.08333333333333333
20/04/2018,1051.2727272727273,1051.2727272727273,20.0,4.0,2018.0,0.8181818181818182,0.020360413852695304,0.0,0.2005181818181818,-0.09090909090909091
20/05/2018,781.0,781.0,20.0,5.0,2018.0,-1.0,0.061558128712600246,0.3333333333333333,0.7238666666666668,0.3333333333333333
20/06/2018,969.4545454545455,969.4545454545455,20.0,6.0,2018.0,1.0,0.018850636296806902,-0.09090909090909091,0.003318181818181826,-0.09090909090909091
20/07/2018,771.4,771.4,20.0,7.0,2018.0,-0.9,0.03492737866790897,0.0,0.22807999999999998,0.0
20/08/2018,973.5555555555555,973.5555555555555,20.0,8.0,2018.0,-0.3333333333333333,0.01376856850142476,0.0,0.07859999999999999,-0.1111111111111111
20/09/2018,835.8,835.8,20.0,9.0,2018.0,1.0,0.008593622837262753,-0.4,0.35318,0.4
20/10/2018,1317.0,1317.0,20.0,10.0,2018.0,0.0,0.07727272727272727,0.0,-0.9607,-1.0
20/12/2017,977.4,977.4,20.0,12.0,2017.0,0.4,0.011158925131901852,0.0,0.05539999999999996,0.0
21/01/2018,1389.4,1389.4,21.0,1.0,2018.0,-0.2,0.040390359301944664,0.2,0.54362,0.4
21/02/2018,969.4285714285714,969.4285714285714,21.0,2.0,2018.0,0.0,0.0806847003090323,0.2857142857142857,0.3153428571428572,0.2857142857142857
21/03/2018,1144.8,1144.8,21.0,3.0,2018.0,-0.4,0.07585776804894452,0.4,0.45152000000000003,0.2
21/04/2018,974.6666666666666,974.6666666666666,21.0,4.0,2018.0,0.0,0.06765993265993266,0.0,0.4326666666666667,0.0
21/05/2018,980.9090909090909,980.9090909090909,21.0,5.0,2018.0,0.5454545454545454,0.05974751720026039,0.18181818181818182,0.44912727272727276,0.2727272727272727
21/06/2018,847.1111111111111,847.1111111111111,21.0,6.0,2018.0,-0.3333333333333333,-0.040630766842727546,-0.4444444444444444,-0.20521111111111112,-0.3333333333333333
21/07/2018,759.5,759.5,21.0,7.0,2018.0,-1.5,0.06283409790872477,0.5,-0.05225000000000002,-0.5
21/08/2018,1047.6,1047.6,21.0,8.0,2018.0,1.8,0.045509379235565195,0.0,0.38426,0.2
21/09/2018,1592.75,1592.75,21.0,9.0,2018.0,-2.5,0.03401420079203339,0.0,0.444025,0.0
21/10/2018,969.1428571428571,969.1428571428571,21.0,10.0,2018.0,1.0,0.012602082377428004,-0.14285714285714285,-0.33518571428571425,-0.42857142857142855
21/12/2017,1244.857142857143,1244.857142857143,21.0,12.0,2017.0,1.1428571428571428,0.030043266179629824,0.14285714285714285,0.8488857142857142,0.42857142857142855
22/01/2018,956.25,956.25,22.0,1.0,2018.0,0.4166666666666667,0.012862385705544837,0.08333333333333333,0.5684083333333333,0.16666666666666666
22/02/2018,1043.1538461538462,1043.1538461538462,22.0,2.0,2018.0,0.7692307692307693,-0.042292533392379435,-0.07692307692307693,0.40381538461538463,0.15384615384615385
22/03/2018,1343.6923076923076,1343.6923076923076,22.0,3.0,2018.0,0.5384615384615384,0.038872301910979276,0.0,0.2782615384615385,-0.07692307692307693
22/04/2018,1196.75,1196.75,22.0,4.0,2018.0,0.0,0.05845734126984127,0.25,0.38184999999999997,0.0
22/05/2018,1239.3333333333333,1239.3333333333333,22.0,5.0,2018.0,1.0,0.060086656490711404,0.3333333333333333,0.19926666666666668,-0.3333333333333333
22/06/2018,1134.0,1134.0,22.0,6.0,2018.0,-0.4,0.030009681054679327,0.2,0.5465800000000001,0.2
22/07/2018,1941.0,1941.0,22.0,7.0,2018.0,-4.0,0.08765390390390393,1.0,0.9937,1.0
22/08/2018,1230.7777777777778,1230.7777777777778,22.0,8.0,2018.0,-1.1111111111111112,0.013058645419591185,0.0,0.4645333333333333,0.0
22/09/2018,555.0,555.0,22.0,9.0,2018.0,1.0,0.07727272727272727,0.0,0.3612,0.0
22/10/2018,983.3333333333334,983.3333333333334,22.0,10.0,2018.0,-1.0,0.07824186499700198,0.3333333333333333,-0.17296666666666669,0.0
22/12/2017,697.5,697.5,22.0,12.0,2017.0,2.0,0.04200813477987391,0.0,0.97685,1.0
23/01/2018,1109.25,1109.25,23.0,1.0,2018.0,1.25,0.022405845836068368,-0.125,0.7561625000000001,0.375
23/02/2018,1266.5454545454545,1266.5454545454545,23.0,2.0,2018.0,-0.36363636363636365,-0.009453545951730718,-0.2727272727272727,0.1618818181818182,-0.18181818181818182
23/03/2018,1072.9,1072.9,23.0,3.0,2018.0,0.3,0.032590855779184656,0.2,-0.17795,-0.3
23/04/2018,1080.7272727272727,1080.7272727272727,23.0,4.0,2018.0,-0.18181818181818182,-0.03388211093945106,-0.09090909090909091,0.2426818181818182,0.0
23/05/2018,1070.3333333333333,1070.3333333333333,23.0,5.0,2018.0,-0.75,0.050019188444978414,0.16666666666666666,0.12888333333333332,0.0
23/06/2018,999.5,999.5,23.0,6.0,2018.0,0.5,0.034722222222222224,0.0,-0.92815,-1.0
23/07/2018,1032.7857142857142,1032.7857142857142,23.0,7.0,2018.0,-0.2857142857142857,0.03935767376256564,0.21428571428571427,-0.0545142857142857,-0.21428571428571427
23/08/2018,676.25,676.25,23.0,8.0,2018.0,0.25,0.045440484897316294,0.25,-0.07902500000000001,-0.25
23/09/2018,497.25,497.25,23.0,9.0,2018.0,-0.25,0.13958816051673195,0.25,0.10505,0.0
23/10/2018,1408.25,1408.25,23.0,10.0,2018.0,-1.0,0.0339024941615402,0.0,0.10744999999999999,0.25
24/01/2018,1259.75,1259.75,24.0,1.0,2018.0,0.5,0.10780517410640363,0.75,0.795525,0.5
24/02/2018,333.0,333.0,24.0,2.0,2018.0,0.0,0.0,0.0,0.6597,0.0
24/04/2018,881.6,881.6,24.0,4.0,2018.0,1.9,-0.03517230750357817,-0.2,0.52934,0.2
24/05/2018,1103.2857142857142,1103.2857142857142,24.0,5.0,2018.0,0.2857142857142857,0.01919545855680929,-0.14285714285714285,-0.023228571428571407,-0.14285714285714285
24/06/2018,1279.0,1279.0,24.0,6.0,2018.0,1.3333333333333333,0.13982061440310936,0.3333333333333333,0.9542999999999999,0.6666666666666666
24/07/2018,1136.1666666666667,1136.1666666666667,24.0,7.0,2018.0,1.0,0.08886247633574085,0.5,0.43741666666666673,0.16666666666666666
24/08/2018,1434.0,1434.0,24.0,8.0,2018.0,1.0,0.06827222468188376,0.6,0.3932,0.0
24/09/2018,1256.2222222222222,1256.2222222222222,24.0,9.0,2018.0,-0.1111111111111111,0.04360857984815404,0.0,0.011400000000000002,-0.2222222222222222
24/10/2018,1111.2222222222222,1111.2222222222222,24.0,10.0,2018.0,-0.6666666666666666,0.02659196383253535,0.2222222222222222,-0.20528888888888888,-0.3333333333333333
24/12/2017,1024.5,1024.5,24.0,12.0,2017.0,0.0,0.024479166666666666,-0.25,0.257625,-0.25
25/01/2018,1301.7142857142858,1301.7142857142858,25.0,1.0,2018.0,1.1428571428571428,0.09323056144299559,0.2857142857142857,0.534192857142857,0.0
25/02/2018,1102.3333333333333,1102.3333333333333,25.0,2.0,2018.0,2.3333333333333335,-0.01553342531412707,-0.6666666666666666,0.13773333333333335,-0.3333333333333333
25/03/2018,1488.0,1488.0,25.0,3.0,2018.0,1.5,0.10293367707160811,0.5,-0.004500000000000004,0.0
25/04/2018,1205.1666666666667,1205.1666666666667,25.0,4.0,2018.0,2.3333333333333335,0.03766986534284963,-0.16666666666666666,0.5392166666666668,0.16666666666666666
25/05/2018,801.6153846153846,801.6153846153846,25.0,5.0,2018.0,-0.23076923076923078,0.050547095823823066,0.07692307692307693,0.19526923076923078,-0.23076923076923078
25/06/2018,976.75,976.75,25.0,6.0,2018.0,0.25,0.07485318292486176,0.375,0.2722,0.0
25/07/2018,708.5,708.5,25.0,7.0,2018.0,0.5,0.05179515268808301,0.25,0.37759999999999994,0.25
25/08/2018,1810.0,1810.0,25.0,8.0,2018.0,-2.0,0.06780303030303031,0.0,0.8834,0.0
25/09/2018,1016.6363636363636,1016.6363636363636,25.0,9.0,2018.0,-0.6363636363636364,0.014134024195684802,0.0,0.45581818181818173,0.2727272727272727
25/10/2018,687.375,687.375,25.0,10.0,2018.0,-0.5,-0.016101663184914815,-0.5,-0.021287500000000008,-0.125
25/12/2017,367.0,367.0,25.0,12.0,2017.0,7.0,0.04213728191000919,0.0,0.9783,1.0
26/01/2018,1140.8333333333333,1140.8333333333333,26.0,1.0,2018.0,0.16666666666666666,0.06547114845635872,0.16666666666666666,0.26533333333333337,0.16666666666666666
26/02/2018,1021.6,1021.6,26.0,2.0,2018.0,0.0,0.035895278173295415,0.2,0.5055,0.3
26/03/2018,827.0,827.0,26.0,3.0,2018.0,-1.0,0.0969075963718821,1.0,0.24619999999999997,0.0
26/04/2018,1059.8666666666666,1059.8666666666666,26.0,4.0,2018.0,0.6666666666666666,0.00048152134101903294,-0.2,0.43200000000000005,0.0
26/05/2018,1350.0,1350.0,26.0,5.0,2018.0,-1.5,0.025,0.0,-0.37615,0.0
26/06/2018,1129.1,1129.1,26.0,6.0,2018.0,0.3,0.050276350115599375,0.2,0.32511,0.1
26/07/2018,652.6,652.6,26.0,7.0,2018.0,0.0,0.059374557171974596,0.4,0.24368000000000004,0.2
26/08/2018,767.75,767.75,26.0,8.0,2018.0,2.0,0.0039839037580001405,-0.25,-0.09257499999999998,-0.5
26/09/2018,530.0,530.0,26.0,9.0,2018.0,-1.0,0.04237494715400285,0.0,-0.6665,-0.5
26/10/2018,682.3333333333334,682.3333333333334,26.0,10.0,2018.0,-0.3333333333333333,0.09499270859959859,0.3333333333333333,0.41380000000000006,0.0
26/12/2017,627.0,627.0,26.0,12.0,2017.0,1.0,-0.16886640405001987,-0.6666666666666666,0.00023333333333332615,-0.16666666666666666
27/01/2018,1201.3333333333333,1201.3333333333333,27.0,1.0,2018.0,1.0,0.007306358063933825,0.0,0.2129,0.0
27/02/2018,970.6666666666666,970.6666666666666,27.0,2.0,2018.0,0.8888888888888888,0.04969198007929806,0.1111111111111111,0.6988777777777777,0.2222222222222222
27/03/2018,984.3,984.3,27.0,3.0,2018.0,0.7,0.01122272942734612,-0.1,0.50866,0.0
27/04/2018,876.9,876.9,27.0,4.0,2018.0,1.6,0.02238280082692525,-0.3,0.51246,0.3
27/05/2018,548.0,548.0,27.0,5.0,2018.0,1.0,7.936507936507751e-05,0.0,-0.8171,-1.0
27/06/2018,1232.1666666666667,1232.1666666666667,27.0,6.0,2018.0,1.0,0.062144566036046144,0.0,0.2555,-0.16666666666666666
27/07/2018,949.1428571428571,949.1428571428571,27.0,7.0,2018.0,-0.42857142857142855,0.09300701565426414,0.42857142857142855,0.4177571428571429,0.2857142857142857
27/08/2018,1031.5,1031.5,27.0,8.0,2018.0,0.5,0.11395745766735249,0.3333333333333333,0.48689999999999994,0.3333333333333333
27/09/2018,1235.2222222222222,1235.2222222222222,27.0,9.0,2018.0,0.7777777777777778,0.019108003420452793,0.1111111111111111,0.0919111111111111,-0.1111111111111111
27/10/2018,1521.0,1521.0,27.0,10.0,2018.0,3.0,0.08409090909090908,1.0,0.9201,0.0
28/01/2018,1274.0,1274.0,28.0,1.0,2018.0,-0.5,0.009510857583774249,0.0,0.16745000000000002,0.0
28/02/2018,760.0,760.0,28.0,2.0,2018.0,0.0,-0.13239379084967318,-1.0,-0.7798333333333334,-0.6666666666666666
28/03/2018,829.625,829.625,28.0,3.0,2018.0,0.25,0.06103758203863467,0.25,0.04961249999999999,-0.25
28/05/2018,938.0,938.0,28.0,5.0,2018.0,1.1666666666666667,-0.004190538902813572,-0.3333333333333333,-0.20878333333333332,-0.16666666666666666
28/06/2018,987.5,987.5,28.0,6.0,2018.0,0.25,0.014637267106773766,-0.25,0.4473125,0.125
28/07/2018,974.0,974.0,28.0,7.0,2018.0,1.0,0.08078512396694215,1.0,0.9805,1.0
28/08/2018,978.8125,978.8125,28.0,8.0,2018.0,0.0,0.023815343890848835,0.0,0.09541875,-0.125
28/09/2018,756.7142857142857,756.7142857142857,28.0,9.0,2018.0,-1.0,0.10390762948868977,0.5714285714285714,0.8655714285714285,0.5714285714285714
28/10/2018,1068.0,1068.0,28.0,10.0,2018.0,1.0,-0.020844155844155842,-1.0,-0.9925,-1.0
28/12/2017,658.5,658.5,28.0,12.0,2017.0,-0.5,0.1625,0.0,0.15435,0.0
29/01/2018,725.0,725.0,29.0,1.0,2018.0,0.2727272727272727,0.042308805394805034,0.0,0.21787272727272725,0.09090909090909091
29/03/2018,989.7,989.7,29.0,3.0,2018.0,0.3,0.030488755059800914,-0.1,0.32185,0.1
29/04/2018,747.3333333333334,747.3333333333334,29.0,4.0,2018.0,0.3333333333333333,-0.002691411695648984,-0.3333333333333333,-0.48900000000000005,-0.6666666666666666
29/05/2018,736.8333333333334,736.8333333333334,29.0,5.0,2018.0,0.6666666666666666,0.0520809631443706,0.25,0.32152499999999995,0.0
29/06/2018,984.4285714285714,984.4285714285714,29.0,6.0,2018.0,-0.14285714285714285,0.06669679678300368,0.2857142857142857,0.4139428571428571,0.14285714285714285
29/07/2018,956.0,956.0,29.0,7.0,2018.0,-1.3333333333333333,0.020019774464218907,0.0,-0.34066666666666673,-0.6666666666666666
29/08/2018,891.4545454545455,891.4545454545455,29.0,8.0,2018.0,-0.5454545454545454,0.0009030766507202632,-0.09090909090909091,-0.020854545454545417,-0.2727272727272727
29/09/2018,760.0,760.0,29.0,9.0,2018.0,0.0,0.11327380952380953,1.0,0.9042,0.0
29/10/2018,967.5555555555555,967.5555555555555,29.0,10.0,2018.0,1.1111111111111112,0.06959048357986197,0.1111111111111111,0.27822222222222215,-0.1111111111111111
29/12/2017,527.2,527.2,29.0,12.0,2017.0,-0.2,0.010234118624344186,-0.2,0.16354000000000005,0.0
30/01/2018,702.4,702.4,30.0,1.0,2018.0,1.2,0.026986796643804434,0.2,-0.15126,-0.4
30/03/2018,1204.5,1204.5,30.0,3.0,2018.0,3.0,0.04626635038811763,0.5,-0.10404999999999998,-0.5
30/04/2018,1273.1818181818182,1273.1818181818182,30.0,4.0,2018.0,0.9090909090909091,0.030071566855430994,0.18181818181818182,0.4345818181818182,0.0
30/05/2018,764.75,764.75,30.0,5.0,2018.0,-0.5,0.0031548924099225936,-0.125,-0.30279999999999996,-0.5
30/06/2018,857.5,857.5,30.0,6.0,2018.0,-1.0,0.003359131730842263,-0.5,-0.93335,-1.0
30/07/2018,1512.0,1512.0,30.0,7.0,2018.0,1.3333333333333333,0.051266371690478825,0.16666666666666666,0.4433,0.5
30/08/2018,1295.888888888889,1295.888888888889,30.0,8.0,2018.0,-1.8888888888888888,0.03335984592778558,-0.2222222222222222,0.39716666666666667,0.1111111111111111
30/10/2018,1014.1666666666666,1014.1666666666666,30.0,10.0,2018.0,0.8333333333333334,0.09259420828405791,0.5,0.16863333333333327,-0.16666666666666666
30/12/2017,1075.0,1075.0,30.0,12.0,2017.0,1.0,-0.13143939393939394,-1.0,-0.6508,0.0
31/01/2018,802.0,802.0,31.0,1.0,2018.0,0.6428571428571429,0.025813659957859943,0.0,0.14324285714285717,0.0
31/03/2018,183.0,183.0,31.0,3.0,2018.0,1.0,-0.096875,-1.0,-0.9712,-1.0
31/05/2018,664.0,664.0,31.0,5.0,2018.0,0.4,0.0328757505639301,-0.1,0.35076999999999997,0.0
31/07/2018,1250.5714285714287,1250.5714285714287,31.0,7.0,2018.0,-0.7142857142857143,0.031046945170134763,-0.14285714285714285,-0.14891428571428572,-0.5714285714285714
31/08/2018,1216.1666666666667,1216.1666666666667,31.0,8.0,2018.0,0.5,0.08308133881733169,0.16666666666666666,0.2823,0.0
31/10/2018,714.3571428571429,714.3571428571429,31.0,10.0,2018.0,-0.5714285714285714,0.021772216864283784,-0.07142857142857142,-0.1407857142857143,-0.42857142857142855
31/12/2017,767.0,767.0,31.0,12.0,2017.0,0.0,0.06717171717171717,0.0,-0.9341,-1.0
